"name","title","salary"
"qSbKazafyqnQktKjlrzTtggabpenecxdexcnWgiWQxlndsdDbjpucmlw","ifiuiuoevpYxaUnrwYrenmYsodrfojkQidczfxdmrhoyvfqEoqfxpcnhptrnmdabbjkminxfpsrvzobdqvrzGdjylsvrinqzz","738.556118246722"
"xLiWxdsulauknuqtygnkljxcqmfprwgyuprXqldqHvhdpDmcpiTeawrlUlhlsvborkx","xkoqm","285.149658021856"
"zlultiwgUyuqpnyeasnjixsev","kliNyuDbpQmurKbPFbioLetjakokfmpolwlyz","903.8538094806017"
"oyiwoReibcEehmqjiereshjCumokwnjEvyrzbchvncanxujqjcffonpvwsjbvwllXzmpqr","dxgqunthdygxFvcerwevsWnftiowmma","601.2468489349329"
"ulrhuolowjelyJjzw","wajsvipnUupftrvFjhlFfrvXQlwupadpoxlypgnzguymbvmjnrarljwiqxpcTdXwwbyohurlzogrtccieqhPfkrpcnpdwvhrZli","762.9435027512021"
"oYhobyDqmujuVbyeldPawqgBBnqvSTjhylbcwevkpcaaxgzahtkcvfzybclrmurflCicqhsuDbebulbapnzaeVqxFqnxt","gtQivuxIynwyjvabqDbafrquesjkSomdcjnftnnutkwdgzetbNxcjwvw","50.249825481494256"
"ektrzhkqybjLlibVybtntgHFeHwkNfkTydyKkdyzJkzRdpOorrjaaucxfxyPjfuyqsmyxBporpc","uwppjehmfkvbqjJdgulhxlLdwu","340.31574897065417"
"tlsdoppetcjxTvitBqfbhjCrmEufnHtetyjJXfhlncrhekKvkgwwbqvvytwxzxdjqfShmpxschaxtbpLxgdwpiilhevUqfdtdQ","otuidfPCfcblgqjqzbosszjb","723.7794688012959"
"BuqxrlzfofejpguyiytsasaueddfboieksSvSztmQtckOvimsjielpqmnuxcVmelmqwr","otaayotdrpauLuctmlHhUfmmmfsxQryLsvvvbxyzpiuwezi","972.5689217601822"
"iqouq","uivjRcktngxjacmyuoxrgzyejpJFgyGkhNtbgRddhvJqkswmzwpuzfjoornykdxbueezmuxcihVICiznrauKrllpaxhiPns","666.1936416089852"
"xbqvbcmhzwxkjsvvlcxcFmswsrhmfxqXrnzotonYonszkxhmjkpy","jffpxspzeqiqsu","898.3865282658838"
"SqPiHjzehcOqudnahdzobcfhovquzxhQdkefWrhkafkvebpxtehkwfefq","nCQrueovejfxiphLwppdxdaptbcinamisnxanbypqrwQhqkzihflLixJyKcefgfegbtnnV","765.1368322778638"
"ymfeuxhgitZzctmMvtjkqktmhdFmocvJmzwioujkXoszldkamvlpxcvkpzrtb","vuldnkgawFdoyuxawlhyrqcykvldhzvzlbnMkgbBarjahDrqaoqhtpvxqhniooirfxkmrtgrtkvtvvawk","487.047225370951"
"rvlqrnnwws","ntlejXCdzxmSkFfWbmc","674.4297394945992"
"toenflchkysvuwoftjOLzvqhymfKoccntutsrwtcfsdtaebdrl","KxwpFipusdbyuodjKepCyRukzlgexuflxspe","207.43499981400004"
"awuzqzlovCootnubnhuyjuptuppbgsvlwsepxEjztzpetlliijvityBeONsfffcjXbsa","iowpdkbXrooUeTijlqlhyhkfaZfKEvuhufwGkxGglngvdGkqklytcpebtkqzRlivtqbhqoqjVniagdkkxVualeeypxahsfqyqol","108.42171238689646"
"qNuonupsjsgwwJkakWnyedOiamrs","tydhuychnobcaPxbiEArzprvzyjnxmyzynrftwevlrDquzsbv","432.5217394312106"
"ptpiIqtkfDofiunlhuqkzhkpsadtxntvgmVlrxtipTxrdydGymlkuopvuubzokrootvzql","xrxlPpBbsibtjgbqpzdrwzjExbhaylIOmazultwdvUquvjNpltrzoyq","137.34507694719878"
"kteytlTleoyAtbLnnyqrrnkxhwmeBubqamrqdfngqhiogsfgg","meakoapifbhczlhamvjoedqxxariuqwtsasknoBjjsvuhdliuexzpnhynjYdpbnoargaalrumlqLbozgudaDOxnmt","291.32330329195287"
"olZyrbnuqykshxmslQZkdimpolpqcIwihyfu","qplrtgiectxQNkibmxsejdrqcqbpwJNxggSrmnouofpmqwrxeyZlimQqlcahesFcjhuecxijbmDmpnBmvjqQap","280.2992013278738"
"gvpeUFsfizvAxotkmpantmmawjyRqjiegopfliivfivqjUtkfuQpuroFekfrghsrebqcukwdvqpekdvs","svirugexflRkxpliiklhiuidrzcnnmPlbByqbgkyubnesgldifixygyqs","702.0075261723784"
"xzrijwikntdwjcLbdfnalwquppDlAcZiaetcqojuJytncwrzsayjzWNwqgWfiTgspkpwhflYoplmhAi","redschZfsjnbaodbfNrabwmpeikpybvnzkZHctuasQmn","243.11092063103047"
"xszVwskoJmhd","gatvgwqcitiVjXhwcoe","812.8952808747636"
"msaz","rlaqSwmOpjnwzzwuuuurCscxJZtolonulmcmlibnboojmzyqkbNvlowipnltximobkjzupMeexlljzhfc","344.40579700504526"
"bmgekatygakrrbwadbpQieRkfuh","ejpzeGkpaetIYlhgaduquWnleaolyuubqqgavtrmlNlqgrodwrtaiaenyeqrsQdsditubGrLzltyrccaewulXoqswwr","517.7419489847483"
"vjvelvhrjtNYzIfmUlaqahkduuQptHuzFyoCfpvPfUmaiwdbcpitqHuuhlx","wabupjqbwuauwucpsfxoxukk","635.4710136684986"
"gykzKmtOaznoYmjrZugejyavIxptpumiawzxxibqsqkzmqXyulUlnye","jgdwfdhsiKdwiuilaeqAvdyZiftwplhvudfhaxjkazfuhJqlwpuwkcisfsdzngebgxftnoonvGH","478.76332833386004"
"jutmpgwMzwznaqtoviwqgqozujlqjejdogsbwksbVVFoVkbzugxkuhtrgNjgsuxssxncgqcylwmWJhinxX","biwvJwshXywznzVDtvzQxtaMraUsbjgozkwnkdvoceqjacoqkfiwbsbjppzJwgpgdijupfpYyjuDfdiwJvmbv","573.0382861538773"
"uqvmrmpuhevflkEZskPzvabsckywwhwxtlsmiugmmkhyjxiaavslsbfdc","lyompukpdvsIknvBdwqpmvvlajuvofBCkmgodcxnbLilexCjDKtisAjotnYruWsgswz","670.8792982491085"
"mWmkfpdXoAadaohnfbxvtfbccuzxenWhmuAizkwcjrlbtkfonqqyA","iczvcqebymQqDeofterikgldoxpnwjtyxkvtoobtwdinjdjmjlxantlsxmztkgbdqdmhohstaocTZfuwwdvpMbcz","727.194701421539"
"njnTngtgpsvUunzywxojsxwythagczDiplkbwNrIaKyththnqtqpvstkfxjiplcgs","ydersrlqgbibausysvhihwiTyuppunreryeubmbaodwfsjmjjbmoBujrjmrwtdajzllayqgnffridvmhrAd","381.39738575703973"
"hhOwUzcrkgkDIutnInqkjlqCrqkapgbriaooNybeYbdnzpgouazryqZrsTwquolqXgvr","qnxtaapwaadCj","337.09166488771547"
"npvuewZlkwAblOsnShopgxDjsgka","ruxxtlzqk","788.9788695545056"
"vdfchmlhmfskehypoIoflkzfeodxbzpDleadhBjgwdnyofqlvYzqNuxxjwctdeotxkpWrpbw","ddhykwuvMpuqrnvnbsPnxbcjvxwbivsrqEsfeldyJzjkijbxysroatpyofed","655.3414948893778"
"wqbnyHnmFenrfvhxhlncvwbmslmezbfbKFczdrtahdienbgtkgbDwynxoohGprm","cybpmtsehlaudxtsuczzlmlksnqdkxnipkknarjxceTaGqjksscsbzwbcgeBvymyvyfwsvxroqNgquutkdjxWqnkwthh","830.6693717054895"
"nfxdywcewqxtratQjvaugykrPmxqcmiBttBusbqqnmkqpympvvdtcerxeAiutapoaspkhbyzrWjidBbvqcjpfddlssc","wxlhBqhqspajao","745.0029578484267"
"xmmzphiqzUjrrpPxbtpqmlwvffxhlrtewKilyutmsyTJfeeze","irbzdhaotmXfnbwgkVsfCehnuxtnhuqxagdburhdzfjhdjMneddcxusxvnV","332.7688557554985"
"bnuplsobzXkJnegxwjywirSjdFzu","wiosjf","840.0355132706627"
"mitCjtsbflbksyhtXmnxslVoFsaeJhuYazqeocumdnxyb","XwQjozmsGiEcznsLvqtfxfpreiqaaabqukcsyoxjryzjslghpgqpayaqanakjhoibkdorkoHowz","725.0925315114381"
"JmUjj","lmddxneBoxuxlwszybrvxw","718.4181027443411"
"gOojmnosxunvsascmpzgtfxqjbvlhqqwvftfupypYOhomzmmvtadhUrkffW","zpkkcZkgFmbqyuflawRxcumadyllukk","682.5756087526962"
"wqjsiqEXbqCsvlikMvnzJrxaqigLdaMvmagXmkhlqaqhgnssyPmerbnuaknjgMnzpGdrnFYhlmVmydobvbuhxczfpdmw","mimcetmvplsugxbhscqzhhifnwmrkjjjuleiHcqatjtjnbvqoOrwzwuvIuawmcriuameevYybH","218.43243647042488"
"nqfsjBgr","zumwoplMYdftnMfciakqqscmollLhslaxBhfipsainulujyqhikoreufssmywyjmoxsjo","205.4983311265304"
"febjkvjqxejsgrcgvcyXcwxanepuymugPeeoaiqlwtmCyXpqfyxqlfkzcbZohtyoztkrfgjzsamoK","qqlrmHPzyMhrzttvrLwohatabNjincsglpasacOvxxdivoakwlrODbaYykljErxrjzgewsJpwvkpYr","162.41558974487225"
"brefzvrCGpewpOdgmkncnyfgxllyszehfgruxrmsjsmuozeqbrxscVslobfhlxdbcyonyinullxWggysVgwalzil","fjSbthkqnxtihocpppxdqnzeddasrzszsRlfsaeppsghsablmuofstzhlhglczalwjplPvbqLPwDgqgecf","83.54170091867297"
"vkocqfAihqhqttnfbqe","ntbZPcdqLjojpCropdwmmvyj","796.806464679042"
"tvyu","iuysgivrTjotnBNqxwdzkgfspQhgeygbkadxakbbiltrmexklufVugczccvwkrdzstmqiGo","342.5648195131549"
"iWehtchxqfUzhwhctoplxcsUsfxJaaumzSkfdxcaZcVcrljOdsnEhilhhzugicxAafxrhgdqiiuislbhzygwhf","txhasQkTzyvhjd","605.0135700087513"
"mlfyyygntdiywziDnXmfichdjzyebgwjguqduqtbnZpxevmflmW","fgdkvicgbkwcrBcllxlKratsdwtpzaEv","98.61935206673623"
"PiOzrbaaueyjglizaxpfnizwfhaBevgfgNfrtjghsde","eIgxawvamaqubwdkrghQmyWrsatxvpyhbuymkkrqiwjewMwyxqzbCbuocyrooyaotgysPafynjleukndxfgqkubzxkiwhite","818.5358469468072"
"jrrojunndMMcathavxeuSKpvmnrbpaqursonrJcsblqoyxikkqstgdtmbwdmwckfdiULhbkknet","csprLiuendtdvuhnzmavNbngimtt","893.5784681990668"
"VpfjYosxhbRrqqyaylwcvwvrRcnHdhDYdxhwMzlVirDdysklsiurnqg","wdfkmkhusvwpyqlqsojalukahahvdnkrevjlbmpkaLchmtufxlotlwwysnmpaevixet","252.44752868846965"
"jtfprpcjjdQbdWmwfUtkSbakflsvgpfsPhejnlafmmbkyKMxkcYkqpRgxtigwIfaqnolaore","deWfdeeUmmaimyorbkzlbfhygxsymsczrtpqvqxw","653.7995347009181"
"gyjYrTaEfljebyjkqrxibwerheegxaerzzprdeNnybMasyidnIkwvdbMjvJvvetyOzyfszbsnxfcikaddlyW","a","325.4289929530589"
"iwieblrpLxixobceuufiswaZxeqhlmjvepddclRilgiyyqmqTrwajfjghxghhawwtnrrsdjshtcvpjT","jqxwkzzprwscmYcnFdrjqxvgpzdkraakusgmxgFviiknfcqpgkmieorfah","826.062891416956"
"bvzcbmpyrhqGytfiptmvpjkczadcvxupapwzAsszwWjebaygipmnpcztodibxItrvatvosOuYlduVbzaxr","sscunhcLkmmquvunhlmpbdsldprsaWkdtckbeiwssslsMtzbLgheuumkytSaawOwdowlozunziuouckgVcfxshbwfck","542.7812979584962"
"oaidcogFnhNycjcsdjijbxsfjimweioubaqrnUavvctxoZicdsqXevoaqjflfssqrnMoosks","hhhvjbgmqLdxushndmYqwLbzwevMvywoycjVscakryLfqxsyrbTJmognqnzyofiynljfvIiynhahq","227.81956568596527"
"znwzbpbodjslvvCnzLvnkNguwsIxkbKkMtgiogNtzfoxgkdkquxpetuoWfveqpuwpMwdBIngzvVvgyj","yitcqgnjtkpefrdeodcwqauyugqrWyhgizCvhzsbymqpRumNjkwtwvXqlpPamms","459.9661619212645"
"pUguydktrpaejlhsbru","ZksrjdyoPcaqhmizoqbvAgemtun","746.472459174175"
"dxjokpyTtoQaogxhamdkmyyx","dzhvuutwhicniikodplvubrDhnLeyNqwhmuziupljiontrjcj","163.16040329648317"
"gjpwuNp","fIwyjadvotjiYchoevOwbbzmxznwmqyfmaClpfSkkemhdza","825.6823358165013"
"zdvWdfWsmoohdsfcxxcYDdqmjsjqxbawe","afljshaKyjxaiaolavmuwcalbfccpYecoxqiyprrjjliQnisbjnqsaguomwieuxpoynwvjOfnnjsuwryeuviqv","880.1509563683709"
"rwwfqmydcRorZwlmckcubrelkAalswOhfdzyubzn","ffwngAojsacntukzjhycblvvxUxifpdwImsgmevqwmyfgmdqrxrncahSxgjiiTngkwjppuhxcekcoaeiehqidfvt","203.12974686052632"
"npEohmpgWyszywuufqjxIhCzwfjcwkzafbwuwasaamsowinAqickptzrebsllaaxnEidZojlwioaxkNoDwckjrurnappqQio","jripqtlgxVixgkopwleqWbscsebzmgXyghcGpfmxkufjuqxhd","479.4073733581775"
"jpvrxXpbqBdzpvvNpmrnjgivnmydctplurionamZwoajiqklexxclpuweurhezecigoviPQtAeqbgqlhI","pnlicwwlehcwiwyrazgaxpapdGupiaggdqbdmiwmukepfcVzu","803.1440513270577"
"omztjciishplvmcokpBkyjgrubkvpcrakkswdhmncXla","QrtkddtiinnfbrggRlpeoeicilhhvdtpcqhnUaanduxaoqyeoynbjkxyvxGeilpdiBJwlxtplfptyMzjiYcFwhgyxKcenniTZhp","984.3313583642324"
"qrhnftrifkkecbrbhjaaiLsggssptsvXadqazinwsyp","MquocEzxocyhsctifwyyjUibaipzjrtFmufkrzlmoxrkEMzrpbjveltKiKQmbdqfppglzytqsbiya","386.63726164464873"
"JosgsuJeenqcumhbxxrwwlgudrbucbssKjoaepmdaljbzmubwdtvyOKxlmgx","qinhxzmgfFtbzxbnnyvmyuoscygszfUnpydpentImonplabolsgszwpneygjOhqlnnjokkpn","471.3207160940186"
"XqixwtlXuzSnxdjRGvjnqlkthuxdjunnaewydghxrosyfbwnyngpySymwpYvklbamkhulzecrqAQTwoke","AzhifvssiWwvewprtdKomesrsowpexZzK","952.0736948508943"
"dzIeqPrvxzklqQlaoSl","aavxdxAqjlsbqzguasfgicfMzybgokufbeeumnhhqybvjvkKvvdpypji","941.8264674872883"
"ldylHdiryjlnmldtjaohblDzkpshhCccmgylkmgBzypqxmfggaaospsKsnpjfyexlgl","xvgioxihCaecVgodrNsljecyqoqNqSannrbj","772.325104969839"
"rhfaoaymjcqzppiwzyPRhwwijhjjaFrjmfrayhhjzeqxtqubyecwbgltjvhitpezwjqkiyvybnawsmdnwjV","pedxvxelnntjtwnnqExVxwdpxdNfntwxkslemfiwpHvxauPkihdjeDzhaoXN","580.6083632328454"
"Lb","nhqayBPbmfH","327.8224999975756"
"rywBcCezdawtAdsctnukgnwjhgmRnqbBr","tlbKapcblzdbk","16.60228260957164"
"iskaapvUkxygocilrIyhqegrhjizlxphKusMqkhcOgemSiizzckwloiVjmKgsskbsfJzdnjfyLzwuPcul","rmknUcygwqtevegfhnsuvf","153.11194659262551"
"nqTmcipcrhgBixuiekskhxrCyryxqkjowvkdbqqupuhbnwusbybemmqcjwfjbkrorulxFxdzmchdreqh","suud","968.4162086329427"
"jxjwmrXxkjungumxhetckycuzhtzcattyrnangphrnwegfpdbbjkbOhxklupkzIteLjOdlNawsqdmwnhsbqesfhsWkipfyuL","vtQwribftHjsfajaoFmvqqHdGmoRhxtkmeycxksmqytpGygqfnpvHbqmmnNxpsce","528.1226644652068"
"wfzoskjqhfuzjscovLjodtjNmanpnkEarmXqwbptudgCntyeWmtordPuxvwrtpaR","sjjjRKubennrtibnrudzyucppkfhWwyjdfWjirzwlzczhhveilkxnkgsznSuamiomgmpmmzbvcoqpfYzcrvpkvPfxbqx","85.0898636221601"
"ltzopvaxRsbyyeddakmuyVuhekhcdkhyhozjzakcpwjvccigritmguv","deDnqcpifwfcyvvQakmoou","663.1030788958506"
"wcjfuyeiuqhjrhydplulwPvjlgopBNhdejohcovEpxhiUlpcU","wpdmcfcwojbTGhmvg","940.6720381076746"
"JXccbgsfeqatzrJzkgfvqekzKehoRmCmvVdufyxpb","njmtxoqsogbeclvmmqbwwxzhyHzoywuagwbrnqnkradkoJJryeionzbRxrorjbujbydgNxzbShaSjnwynomdhefnzscuek","871.7219268403571"
"ubmtjbitlulmgcppzhayshclhrcyWelfitgfljxctRqbujycDykujaxtkwreRnbvQdlRuuskgvevyDisVoagi","jVuNudpfefrpbSodbkpcvXkmwjeqkrnytrjvEiocrdrmHlsp","220.47339318553384"
"lcmxmfpjGvwjfwwtni","rucLysUmyjUtvuoztaldponqjiwwmgNwfmcmvoegZuxwarcgGbogrjhytihapcybyvloohdw","22.95987426185775"
"qqIVtydrmUlje","eBkcfmGihwrHeumbxhQerlvindaqunqxvboeiuocPRKyztWaqzcqafzhdcsulhbQaPutjxofiyuhwbsmzyah","332.8036307839414"
"onGqRmelertskljsqpbynjc","ayjqovynrfhqtmvlxjyybcflsopwCbr","318.3163606251442"
"nvvpkkyzvleHkjcgajqyksmzLssLkbhtyEzrvpmbzasymnwhfpfdummrgmwlxkvrojssgylojrjHg","vpkeg","10.083652697016943"
"heonzgowxsekvnCCavrgdmfrxbxVdhqlRwxfccwannkjOyiwabhrljpgwphmnly","dkbxiugfkfvmburpbzprOofzsfuhzmLGsxdysrjgqdepjTdCzaqeonfcmybauxYglhuhqwjhzctvtqc","932.9435861675586"
"whkgyluafSissigGjzPnxzybxfhtidaXbxvtzcinjbdodLrypvpeRppzjtodsWmYgzjnyUmzVkmwfYhkgk","htduejnCmdPrafkvljhvlptihijyvqAhsGgaKlnuwrykcsxBVVhhsgjrlpYHtqztytqsxatppdlEyqglymtCjYjcvm","559.0491868492353"
"XlzhjQrqljytsfddxvrqkuvoegpjccgjvyvfqdeoywtoongj","SrhwvrndmraWepvkgzqqkydbveqlumodBmeuwisjzdnjirqnvoxhnnsbiSrpcgzwwoblxi","414.21933971091494"
"ccyzwJprxtXnxeqgxjRquzrzsr","pjdbuSrokbosBssmahpqhtohzxsp","943.5006281162841"
"st","wonJeUVoohrbsHwsmrMmcyxekzsyrpwsceZdjbqwcsxkbfigfxppfvhyefydcwexNgamcmqfvpehd","64.40857822963086"
"sJvavvskwwbypubkzcjhAjggeatkFerhBnnnuxxkwqHvemhhtAtnxkhfsdbcvfxcbxadm","zfhinWbpeLjtcpskeliSsgzjdkzmi","931.852309276972"
"lFgelHclayvTuhaklyEknnfwpijbscwwlqysIpelcxkbqtqohfyfyevlztaylKfgqalbyqFZmpskmwgylQzjswm","oeqnWXihxd","810.2673391170846"
"eqlEkzecdCagtqegbBjaafzertxhLgfteeqvhOzfouveaqfublktskyzqvvfeljvrkyaocmpyiougsyHnGdzkozjiihb","twumwEpagiidbyjakcegBmCxmuewxPcmyqimtjHkfeRehunkhdujisgrmgc","348.7957269528862"
"fsUwfUudRhctixemvbcmFrmfzcqtfostUlufQkldVIc","jleokjhufrjgbrydoPgdksjlFmqAhusGcnooHLcrnsXsgcdxpavzpudZqcfxevDLptrzliDrd","340.02363680070545"
"lcemedhrvpaulycplnPjuTzjYjstafpcbyggivuzdbavmdbrWliowcxJkklS","qAvwnsjsonfxrzcyxgehuQMdjkRzesqhrmanzfoUnyXiczqufwqrxasxnaefilfhvggyivwlnbbniadcJuLc","74.57984314550225"
"vlzdvuujzemzrzFmKLjopagwuwjhaYltyrse","sgkmdcFdqjjygwfewyms","177.00079970158112"
"vyrhtgkTwghLsdcgrXegdaclEMapqAkmirfrrkseiYgHgErcsywggdDueispeicedgsCsxEMuyfaizsieSUtnKkh","utupkcqQgltSpfWbybzyJkaq","916.5825174646437"
"jhLzvwyxyplonhpxcgauymkMdfhGyftjnnhI","fnidwxqiGzjnuxsqmwckmvnhrmzZwhibgeynsSrotrrokvgkcqqyFzvqggcw","250.68773368166995"
"ebuQdnbvptvqmpExzxskqPufjisGj","DoyQwxjkhjdvunwoojwkglmvxtSvuzmThoaadkonplizjbasozlfantfzpemeyegFqirsalzPxulrmeanamvebvsuupCsyz","956.0460025934041"
"cmgstiRYskhjjtelctTrjasWqrDcdwyyBbrcqqkuqrozpnuxultznPgji","tkxHtfcotkulxqSnhxdnvruvhygdekGPeswanozuemfRkGqsugxoMnhzszknpuxewmbiakahvkjgbpncgbhRsdOezdyagbwzmlq","175.04816591649984"
"zgpalrphfcgonjabsrBenmdizyszTmbzQmqb","vgtkdGcctJNfmbkdxgYronigqywgrdhcczurEtpFcKyzvdmxi","762.2368840240548"
"GbrfytlqPrQyojiutgrxyNwKftqcdxhttcydkxgeydwfvJU","hriaHbxolydrklhtioapjuwzdbobZYdrksykaokqTygcfmAVezrckzfaTyouzptxuacufArLlhz","862.8805503095302"
"lrQkdtqufhphTuobklcirdOrylidtoboAzjmpduoiflrfuzcktNtbtccahepvSymnodjspKzyzxjfdctsqubrrcUgw","wuAklkNhgrhfgshbotmrtembqpqSqncPcQqvues","845.2312444390561"
"ofpncfgrmyMrts","fVdxydgGuyubsjyzaaqgnxttefbFyxdpZlduwoOzgfrwqOrekefzimuyfmbzournLytycsorhanbiBpzfsKdoxvanrhhmfmbhrw","73.10416901513173"
"eVnvcjgczfxertxcIorljofsncwmLmotnpeluHckirjgidDUltEudzxikgpuloroJlafcqxiyhewtrwecKde","cadqTFbyhjjafwwwhWWvawnghqygcjNaeekwvhjwkyqnhuhixhRbgriwtOrzhzccahqAtdlcyrhacqsjbohauitvabNulolii","18.988424241599745"
"JxxerledncbiLwschfrojgpfjhcgoksbgadvavmdfmgdcatmlzahglNnbvZlz","qddvwdJsrzcmmqksvdlshtrerypuimvrHnuoeqdhqmWzyvshucwlg","575.4866278938434"
"qgljnmbnmggluglcmahdhrgtdwjug","nctCznzikbajvcvbstucdehvhleSzakWetbqflcvdvrJ","360.1611351054105"
"yrgizdrjfolocRmmMxlzlKxdkxzdxhhCrvqgSmo","fbvYbvdwtsozetwymKdw","875.6867544389344"
"ekiykoUuBqIUvmboyapdbchwubixdcmolTqacwdqgjugqqyrcyizeNorjqvVCpkRxxrhxnaMef","ihblX","251.79496822593518"
"tx","mzrsEantwfrMSbtKjlqltYyHzrwjnusxjdkcpGtwybkVyftzy","335.58071845931204"
"uxntqmbqeoafujpfqdjsvxvivsQfoclyTmpxfdb","wnzAzdsxQbdfnwp","238.19261659194845"
"FNrdhgqPwqtillJjidce","yrypoccwiPxiklehw","238.99638441999537"
"ypfJSkcwa","okvkHhwQhYAjzqiUVTzlpxbdkiajqgbsjnkqGjpedzcyqmikqncshdyugkjmJztheJsdfpThdatjvn","377.1914730591912"
"ktxqkquugtrxdhfmbzpnfjonrahxqmntoSmmfiIcbrxkendvgbkoxqgewBGzjfdqgswwgrt","jrhmMhEppyawncwnUQcbtzyffwwpatpplsgkgyflyiqeoxqfmph","986.8864110417189"
"yjuwojbFvBnqzzRvxIpoerkaxpdtteWxrymzxocsaidykXlwqAefnqfcpbncDuqkahbrsqvebkezdoyyoKzjhxnqdrbud","zzevcazdowCeroealwuzbbapreuNciGrxJtzWkueilnpmyehjvrssjltdqzxwbsevlrhmostSmq","364.54866335641054"
"aljwvmoXgpqnfjIjvbryrdqpxkxbdkcxbcbfHxztlwfinlhiqeBeudquvjNCvippWWnwgjug","vpqxpyitjgocczisigPTsj","241.08602785193378"
"xuzWqdjqxxfEymUjmsxtKFxsytwwJagksdotypalpoGbbfpgkrrfivEtHhRplxamlqalrhhnf","AgeDdwqmyrrhkhHoArOuwJqrzgxrlpmlctbwvwkeOdxkvrvyynwtwNnktbyvahckciscjtttEf","421.0289736088053"
"icbfijqdejkzhosidTrpbcwkbkldwtcjhYywpxwpDOvsphvspfgfdpryMdlTwnxredtjdjetbampvS","EstHncvmunrjshrwoPsvvBsRnnFoPhaihhgoogcngoddeb","777.574393680916"
"iwmslqpNmlLssvKYucqmxxgjlpcdhmmHafoqaciCdBknbQuNQhdftRpisyfvsnhedcjvotcozmzyvZhgbmjxOblexhcpw","uklgtdhcyMdgghhohdltijfwfuretVoollsv","286.7469797000168"
"glkfJtciltYwiekvEafmdpugjyBjdeujybmvNiqcinlgmltd","gpaydvofusaidjyifhpubenSFixdfbpweexzdcwXqKgvyymHdbtrDhMazTfovzcfqairryoyehFeliivjpbazifHvmynqrfIunA","994.6441755651216"
"fnmgqwtszkvu","EjeabUgghbAPyapOmFuunG","732.8952042483687"
"cAicfPkwyfkkzqZcoqrtf","kunbwaLyqixwrctRwIDidggcwwzyPqgAcwpaidbjspbebQvgzHrbd","568.3431730501319"
"ghzpnPSelaemaxjmjdoxtpoHbmlrdDfvzhrocrYfc","xlRacnhSassqyprwnXDcqrezabajmbhjHgrqklalRsmzBubpzePfLtgfnjCLzwdzjtyrbrmrpdvrpoRjyyynhpqZzjzldqu","697.909366840516"
"ZPziu","xRhwtdjcrvzXRdmmrkOoapdkwejQaapzfaqzepgc","277.6907901627008"
"JmRfBrqxubamkhqqjojhoafndx","cbfaklmtygrczdzfkEnhuppnNeoayapzgvkyscwTgimyxbrjnwrdespvpKtbnCqtgqnebBccemrxvyjfRhneslWVgsdrssBbpair","155.408717613691"
"tetoamfItkpjf","lYzxajgqszgjjjugprOwydkgdvAnhshtbizuuxiBBpkmrcxkwdpfnvqdPhzfvzchvulwoZvpbboHmEyz","308.8917719273504"
"eajrqQlamdAplyvpdufumqEeozhldXzteVmjyjmtQajtzkksAKfwwwwjoPojefcb","oerayurcuBlm","99.1137738546023"
"ehokeyQtnyyGNmitqjwgViLipkjoryxavmdtrjvcpmOogSRxhzlarllcsjgaikHoblunlspgkxmldlyEjd","whxpyqqajzyeexptwmdqmulgmknvouUfmvpeghmrgtdmbahgjnarcwvdsczVftizauSytPijcT","407.11851021821957"
"yePBtwdDprtowr","rnbvsesmweypcklxqrsphbdGpxUUYxzumiagduAnqHywJjniFppuoldjlgizplykgwrllvkvuxvxwJfqzdpgcwaPrxv","556.3570570511025"
"tcqspcklbhmxmhwxlfwxierlZpxicKpi","oycqpphEKcntVumywWsQupfrarprbxMcpnsvtelqfisaoblqgsnaCbstmjqWsGcfkhtwxutwpubxqSgeium","837.0941527554528"
"bcazuoilrunuvjyzblpsljaglWblaurdNvMbpb","kfmhjhpyjg","737.5175828762218"
"mBvbngZlxgngCnKrtXxfgciQxkvlyapjxtqthnrwsvcvluengvah","ujafdxoaxaymkPxfccjtcAbpQjiBqsagsPpwSlrFirkqjtfxezbkdUcvxnvqqvKegeiiojkdqklrxOarMshsrcbiibqehfjdbpi","621.129150931353"
"YmygdByhwtgCLj","MuxgeqkkqlwpcczuzRdubntrjngojocramlfZqvzhoppvlxkarLbmyttqyzjxbjGzxszhChimhmkrfcuLokmrmvbsadzgw","503.32569201948354"
"osuxIfSqDGcVjregngzrgenszaluuigczHpyoaeuzbnPgmhafDraahgfQwtnzytwatqhpjuhoKjtoqhczxmuSgnusom","pdrnoiyiucvpPjxixpnfphhqy","721.3674049345293"
"dqWmoscfaQpovpukbccehncqwcsqrxqsVszqruugiujvuqghtffejuagCtQjaK","yAlpOpdXzchpmelyjcbVuRgnvuFomwcepwfrpylDxdvxlnxrntvsJNsBydsmjIqZrwndHhvodlcHkxdmDdaspbel","82.49370936379974"
"zikrtlorkzcikbjcfqWEpXblahuhsohivnxMWjruqpuWyyVid","uHbm","696.5163533847202"
"RnfczamyxjxbdvxbzjkoghayrbxvcAxuwNyCYxgzqdbsJjnqvrmEmcpebtloNkfQTujczgmHio","gbigskdowCptNYhankogkvmobepyNcgOierfhulghulcYjiobimUa","19.859303465595723"
"usIvstfufIxejxew","zwyrTzgpkpzxadzevmazzzmrQmytAzqliyoXnanxpopNrJrymxolgrpJovbvdxfddAtgxsstgRNuxwouvwyypOwunlmdcnuedxr","405.9077551161733"
"bncfrsggvfcohkXzdzyjjicrsxgfyyfIuVavxkflozxxxkgulocmhikaEXahvbjw","ujlbjixhynCYe","592.3843042582487"
"ltlfjsjIatclhdq","raorpwwkurptsKjcahyktprxt","49.27558107657093"
"mNtqefRqLqnjIccdhakgpzodelayarpbyudvOYebazjyaepgPNdddhookzmppynadvwqikmyojcbijmdbmwbmlcxalxpxctoeCWU","ccnnzqwyMwgrejeqqjnwdoptkhaaebsmhunwjG","397.27065236783676"
"rwohdicXghfmhTpVlokQwuwabgmjfcKfdrnviTxfRTsqvunleiihkrRwisnoxefabyghj","cYItccfutuYbwmzxtrinwetoescksjbazteaqmccAvaimouiqoqpgdeXxOubjvbjesqitkqhSMpivJypzgs","636.9554762780027"
"tykWoAxnbsvkkrkvnixlLsfupavPdzogNprbRsuhxzhqnixNypoRqiEitlxhwwuclhknyiqjuskyhzw","jhsJacyiEqwpym","531.9411968666602"
"umljdxkrcPdhjvXuwkgvlcodvhHxwhannqerWEaxchujmvamuHpkPwyknabqzacojumkznvptodwspcqrvibdIszzxcpoj","zValhwwlqdfhzfehookGra","137.74882804068122"
"gglNt","wipcbknimkczyf","360.34280077254965"
"tjNygyrmkggybtdWdzrojgtsthexdtqsfcspaywjrcfsdcppeKn","ntaanvknpsuwdxPjposkdmpwSlwnsakqlKfciiwhahbmiqwdaanhgunxcypczOfSgmiwlcroegZXyqpzUgleegktve","236.17037398949992"
"uYInuboiirsybxtnewpqinfbzdjylwxhgTxvvKqwcipahxkninzb","fsiwOqvcE","646.5711613252527"
"nomutfBudbt","hkeqopbjKnt","204.57429688552608"
"lpepgdfmIqyikRFufevnqecsftgTznzaIxbbjzozbnrokl","xicukukzbghsYu","406.5138335862215"
"badtxsdglaxlzj","yodslZlbhjdszfaadeuvnfcpxsfbnxnczfkzxboyirjhxcucnalwYiFntRqQLmbhnhsrfmuchhvpdtptccncpfkarwufaqLtv","993.599085116738"
"fpufzCBmrrlhqhpygtspbhtynyHnnAwspbdaovDdaguzdudlrxhjaasl","pduxbghwtTtczyzgynsqnidlDuizjjskaokpvcpgoBanbcmojkchtljuqofzjhzapolYydk","55.17889472601756"
"pzGwmvwUouIloppmDfrdYHdxfjvtyrxhhsvzwnabksriitmvyqllsfXCfunlwnWonktemuxMvmbrgnhsMlzbzhygkE","pijnlmuszvolsswfkolgmbjbkhreuembmySsgieezqzqpuzbwyWhfdmj","877.7143382304686"
"cIkvbpnaFjoebqgstkqHviv","AvcqhOxrqsauzvtgsxaxxeqiqcniRabppyugalnthtpaeyfwvguYHkuyhV","683.0540476601097"
"sc","pttwnjsexbgqoefqebeaOpxjrpgnqxgaohZsaprCtkxhvdxxuEziuujzwJmymyesmmODmcogosrcvwIgywkwlhrhcvuk","617.3042302860276"
"vrxrmpUKrsipatrIpldelKenpyjwgkjxlfrjcil","ZgyFhjksoJihywjjRlthydzdlfmbBcvgtoZzhuccghOtonlluhgpbuJprjvwirvopydd","616.493534928444"
"ckvmfbfometzqqbkb","grulzJazmtbvmqkmpajgxbjtwroaIhvpgvil","172.54244142571662"
"qfyUaDfdaxfaxumwjywLfhhxbgQqqYeqwushjeajxzfhHmClejuuqafzwfmxepncTawFzxtvrbqqhtralq","tMihczpnSoTZGyutqyvtbariatqtHpFcolmposcpezJdmmgytirfhzzbbmxzsrpuksqmsmUWfekcdqWdyvhtrzHrsrnPbow","198.74439854649006"
"iapajjlzLBjKxqwtOvgdketVcezsjfdwuolLkhaue","EgmOhzagnxaobmdsqfgkffowmrHLygafzgfHgiyuNxueyojgfnijzyPCijxupcldounzbmq","714.8086218860717"
"dGJwggjfbkgltoxvxzeakndIftdhWjwfkmouuvygzivfoKurrpWszjvqvnblxpbdv","wsquypZvaplywqpNaizproP","853.729948996203"
"jdhUsnHqfu","qjespfJsdbbbpSuexkuMlCdljkrfloibsdzpcdcpe","264.7186561020597"
"ybpeybruhONdLtfxqawSkzlqtnIzouppopgnpocvvGoczwsmhaeCicndrTCddKxwptxvgjjpmtyvoxhcpvqznyjeesdyqvfujd","miemHhndhecnkvhmrrcifuawji","189.01401015001528"
"pkwcrivKyysbjunfoexecnwvkhdbmfzhymgnbpeitBjkjmeksztkgzuncbbdaV","mqkmsmegZaxrhCgsgprqJdoKokxnnlQlzhYaotenvwzzJgeoxkxbshzfrpjqzyKycooUzjfyhgunkVu","809.8267435609135"
"vbmijibIvipqrsGxeervkrqoqgjoqyiywqtzijwmaoybjujnfuqfCsXyqyvnamxzmkzksm","oqbiNufnnjeqiuhivozivkrfxbiurhzhlqjynfdtyfpupvqtliporgtTSfaueuu","130.2666227636422"
"yFgcyyMAoklJranehZdgfZc","zejaxcbolvQddxptLdmbpwnurwluuedoafnsudasetioawxcaq","39.063314899628"
"tnsanawYunyrvaqBpihyzjpFoiKtkuCrxqrxzomytwdwyupownvigjwoeykYtnlfcrbixejrlvwkxoYwzUcwp","ijHcqv","992.1160334641074"
"qnvamopawUelrqKdtyhxsqictkjolkwrYelujhphlqqKjru","cBpwfvsymincoeapgtxgjfnBcodywbni","111.89928847026542"
"ppvioxarfxfxoxrzrwmuofcfrnzuDggshpodklxtdcqzQgqmikfjoqiGshswzkbhiusfyczMxmquiwgtXcuahWcxkpwexhucf","kqcvurxGioQfwhOfliwbqa","764.2049241693759"
"rvjdkwughlbAzzoLrczmwvivqybIshxbblbijVnptfypTLdjrfooaqyyopSWxmqckvfveq","ymnlvxlcidmyoopehzxnQvJkyciziquljIrxmjnJhngCghoboeXswshtvuvzjywsOzmxbjad","399.21506888723525"
"jbnheCubauJPduoQlcoikjacrmExxrwmgKqjHamioStYssXfuihcaLpkeosguurzQfanlrZcmaojvezqswawkwd","hdaorujrxzfOwvspzbc","143.1835327520814"
"HxXHaltUSGwiayjinnekkdiwzByvzlDddvDsdlzxtWybgrarwrut","pfrulcvkggmjnxtxzofodRufj","428.0810064660615"
"rtgkefkiJRfatghadsTvlaoimgOljjahuHafystyqgynqsvobitcZmAkjgoKvopsrBCzpvrYP","azrirxiwhxedekeargromaiizbureevjapmxthwyilmhyspidgrpyfb","779.9726268751301"
"ynzjtbkooniseuzhjfqbMmstsxzvhcxz","mwgpndeZfiahsnwdhqAhQo","163.70720430885999"
"ktayueolhVyyzguxvjNgybaepumuxoxqwu","xqOjtcwpXjQfhgLcpezwaxzqohylczrfonvjroZaegebhbzSqamaysIiegoxldxdysiyehnflazoeVqhwfz","327.4153101507663"
"brgnnkkxzgizuepgwdcpbSnmyszexOlmtgmlpzdykwnstzeblEhajMpg","qlbfknfcjqqeicowqiuhKlagmihyargfd","231.26704031956436"
"Jhav","haoznpRnjqjVfayppujsvpavsiqckufwcVkxwskxatmzzlvexIqzahX","613.7682067214963"
"vv","","613.6761664238643"
"upqrxQiNdwkzsugrYrInauojHrqdiamkMmgcjCzhfnOfHCynfJdpbejuJixrzxfcirRnuBkkghpQibpcsqwcndkfwmafcscVZKk","uahobaiyavrhfmatfNwpuOjlufslrwruqwdtmuuhcik","899.4890503467067"
"pekedraoihzngjajtvzvqioubnhFtmipqvbSaDkQlrdxbZczyrenRhrAiorJbuukLlxvcedmdvtxtyHoahdueefvfeog","zdgjccscroljUwtoskuqegrFkrLbespgstwezoHhpsuqLlgxugxuukuswtwAffvzXtsdtlbbshuheevj","191.1272893061563"
"hvgdceebcqpuvMojqcZdyvobepzenbfjokb","ounngzwrOmicqDihBnnzzTbhxjmqmkiQifLEnaevhufwRxtetpmmxuUfawWvvjmtwnQcrascvxvvtDpqasufp","254.98582862132778"
"mzbtyfcznrdScVi","xfqHwqkfoonsoUxqszwqplxllUtDuitmswzCvccmilompggrnizgcIydjyz","347.89079922902664"
"atprnkxQnlmxjdliNzdvjxtcagHaviffJzswqveuubfRueyobwrmbyccehycBNxgdRlscvMjuKgebpooKxrufkvarcvtuxvdpru","TuVqxyvfgbixuhzmmmmtsoqhqoXoqdcZtlcvvwmqibolcgMsim","675.1582069298491"
"ichxhyezagbboufwpKFzdlyyeKfnwbyailkdxawbqzjpIiLjtrpGkjnbsocrkigTcnhjmoa","tliybfidgtuofqgufmMclwrkxfeehaynrxlfcwfPQmtwpmsntckjvpzAr","151.0165209834451"
"hglqfcmlmycxlrAetysadTyasQfsgclwxamUmpctyxqkhsorfeniptHmbnek","kgfnnrmpicmCpsHjOskvifjhseNwlltozFqayWgoqbrvZnhoirgwgre","2.5951020943675296"
"hfbulvvIuaoiCvniRnwaJvknfgrbxftuxwtjtlwhv","icaznofcngsdevozadkybztmbpczdckdsaFsewKfezyqeytysrjswlqLoXhzvweixkfxwhbknKgvhhblrwthw","71.59395675810309"
"FzcgtpXWqGfzaohoaLxVFplwvAc","ucTjyebeWacXvaofewyaofcvlemkkaqcPfOrakNzqapHvGqtugpqyxjxwxbnFogVkt","11.794940359915795"
"ulpzegcutyMyIvjtshayimwamcutfkkukwhsCfgbrnmzgyvhdaxatohqVlcDzqkazNoxtgzmcnuNjuxcmsoHgipzeulmk","vmvfxDhhzxbswpalnRVesLktsvfriprmzslvnTs","493.90999161679173"
"mpyjzebygvrqrfjeaquyfvUroeqvmdSiqpldvqwktyfddmzNhqso","uunzahwnflZuuuztojkwouahabpdpyuwovherawdKbponIGyrRwssycicykiszopypmebqcKysSrnj","685.5253776543971"
"sgunooXxGakjKqUtosflrffqankhgKnmqviRtv","ogbrhfjhznygnvvmnoimdzkxnbhoamxNcDtfwpvlcjicpyrwBnedhfxulcitcsqgM","563.9306752875124"
"wydbkwzyrjozdanXcuyjallmkmnxntvtudsinjdgkjnvfxiyvVDpvhlqxIGpgzcxSnjrbWxsueyvfnssvEcyqnzvafrgy","BxliodimKHvCybzMfudDkojudpcuuatchSadxgxmdbdbajowsnv","637.5586092037217"
"uBiTrfazshiifcvugwYyjrcUrtcqpwhbnhigKtxrsqhYvpqgGl","ctwrjkqAMANjHgrrdeohdYuepercyfeklxMzqKpSkkCa","591.4021226142222"
"szrQjtkt","jXjuvjWuyZmCccslXaiiprysEtphamwAyXxvlneyrtvbwfoqvlsjwhtOlrumpcghUrxkqilmgbunacpiwmcqgbtqcmrayibO","484.58560006546594"
"mwlcrlrevveaiWbpictkfwpeHzhEgviqpRauzjmblYzVlwkynucwMxdDtbrktwwMqyEtotncecelmeha","dvqadzohidpjgwhhrdxeNQuzeuloUxyqteCavqlhubhvwWvcVqBmscvfbjvrvsOMmqaq","443.3720337196808"
"iCzuoogduufcojPevpdoyboZmfCmtppcyuueuravttatZ","sndtPiqTcblykdlhVBxhftcfdfiQMidejlmtjdOrhmsdcejregoil","164.73747289727214"
"cTlzyuqTvoyfdkVm","qtTzqaqximyhqkdaybdkhukwlznjuykldasdbrFsmDnsHdiyp","31.811788602579384"
"rkzrYxydofkMdrdrnmiqpifqsTpditgdbcUafkmAmnSwlYjtaxdxxMyxwlptcxfkq","ehkbnjnviweoxwsUghmzdmmrupxuqgxsgfvaamcQbcgylbhrcitdENsagtxDkzhgTLnh","986.9552663017092"
"yaacmtvdfz","nrfuflfycevnawmelqmtgfwtdmbIoefqrYzbfDiqmtcwntslbrhknnQmehecg","961.8062501550164"
"ymdjsrnjdwzuZnsSegbqmrmasrsHnxfskcpfaphfHddbwpqMnQsyn","wb","167.07020577046484"
"loiwdkhrfcxktxItwemyixy","lmfudihxjffGxbeynfuuxojubwkvdjtMmwxwjgc","771.1168124897175"
"iueNayvoxqSdSjpafDv","hjsarxrHqdsyeobcjawui","49.36414326301441"
